,sales_territory_id,customer_id,customer_longitude,customer_latitude
0,2841.0,722631329.0,-97.146225,33.624219
1,2841.0,722621240.0,-97.122832,33.451462
2,2841.0,722602609.0,-97.145607,33.624334
3,2841.0,100217138.0,-97.11183,33.64418
