,sales_territory_id,customer_id,customer_longitude,customer_latitude
4,3077.0,722562482.0,-86.679162,34.744455
5,3077.0,722367207.0,-86.714229,34.755443
7,3077.0,722385147.0,-86.627419,34.726417
8,3077.0,722357083.0,-86.740886,34.749365
9,3077.0,722399256.0,-86.920145,34.541112
10,3077.0,722542712.0,-86.688281,34.495338
11,3077.0,722647477.0,-86.860648,34.729615
12,3077.0,722384503.0,-86.540088,34.643883
13,3077.0,722597518.0,-86.706099,34.729038
14,3077.0,722603735.0,-86.680999,34.746218
